type,price,qty,status,operation,balance,orderId,orderLinkId,profit_loss,prediction
buy,0.2318059299192327,5.0,ok,1,1.58057822 ETH,1708997166628078080,1708997166628078081,0.2318059299192327,0.35671616
buy,0.2318059299192327,5.0,ok,2,1.58197710 ETH,1708997174051996160,1708997174051996161,0.0,0.35671616
buy,0.2318059299192327,5.0,ok,3,1.58337598 ETH,1708997178036584960,1708997178036584961,0.0,0.35671616
buy,0.2371967654986519,5.0,ok,4,1.58477486 ETH,1708997188513956352,1708997188513956353,0.00539083557941919,0.3576543
buy,0.0,5.0,ok,5,1.58617374 ETH,1708997198219575808,1708997198219575809,-0.2371967654986519,0.31092376
buy,0.2371967654986519,5.0,ok,6,1.58757262 ETH,1708997212438266368,1708997212438266369,0.2371967654986519,0.3576543
buy,0.2371967654986519,5.0,ok,7,1.58897150 ETH,1708997216909394432,1708997216909394433,0.0,0.3576543
buy,0.0026954177898232,5.0,ok,8,1.59037038 ETH,1708997220902371840,1708997220902371841,-0.2345013477088287,0.31149793
buy,0.0026954177898232,5.0,ok,9,1.59176926 ETH,1708997224845017600,1708997224845017601,0.0,0.31149793
buy,0.0026954177898232,5.0,ok,10,1.59316814 ETH,1708997228821217792,1708997228821217793,0.0,0.31149793
buy,0.0026954177898232,5.0,ok,11,1.59456702 ETH,1708997232805806592,1708997232805806593,0.0,0.31149793
buy,0.0,5.0,ok,12,1.59596590 ETH,1708997236857504256,1708997236857504257,-0.0026954177898232,0.31092376
buy,0.0,5.0,ok,13,1.59736478 ETH,1708997240884036096,1708997240884036097,0.0,0.31092376
buy,0.0053908355795329,5.0,ok,14,1.59876366 ETH,1708997244877013504,1708997244877013505,0.0053908355795329,0.3120717
buy,0.0053908355795329,5.0,ok,15,1.60016254 ETH,1708997248836436480,1708997248836436481,0.0,0.3120717
buy,0.0053908355795329,5.0,ok,16,1.60156142 ETH,1708997252787470848,1708997252787470849,0.0,0.3120717
buy,0.0053908355795329,5.0,ok,17,1.60296030 ETH,1708997256746893824,1708997256746893825,0.0,0.3120717
buy,0.1590296495957091,5.0,ok,18,1.60435918 ETH,1708997260672762368,1708997260672762369,0.15363881401617618,0.34339187
buy,0.307277628032466,5.0,ok,19,1.60575806 ETH,1708997264598630912,1708997264598630913,0.1482479784367569,0.36920345
buy,0.1590296495957091,5.0,ok,20,1.60715694 ETH,1708997268574831104,1708997268574831105,-0.1482479784367569,0.34339187
buy,0.1590296495957091,5.0,ok,21,1.60855582 ETH,1708997272584585728,1708997272584585729,0.0,0.34339187
buy,0.3045822102426427,5.0,ok,22,1.60995470 ETH,1708997276544008704,1708997276544008705,0.14555256064693362,0.3687817
sell,0.3962264150944747,0.001,ok,23,1.60895470 ETH,1708997280495043072,1708997280495043073,0.091644204851832,0.38212785
buy,0.3045822102426427,5.0,ok,24,1.61035358 ETH,1708997284446077440,1708997284454466048,0.0,0.3687817
buy,0.3045822102426427,5.0,ok,25,1.61175246 ETH,1708997288405500416,1708997288405500417,0.0,0.3687817
buy,0.307277628032466,5.0,ok,26,1.61315134 ETH,1708997292356534784,1708997292356534785,0.0026954177898232956,0.36920345
buy,0.3045822102426427,5.0,ok,27,1.61455022 ETH,1708997296299180544,1708997296299180545,-0.0026954177898232956,0.3687817
buy,0.307277628032466,5.0,ok,28,1.61594910 ETH,1708997300266992128,1708997300266992129,0.0026954177898232956,0.36920345
buy,0.307277628032466,5.0,ok,29,1.61734798 ETH,1708997304259969536,1708997304259969537,0.0,0.36920345
sell,0.5229110512129864,0.001,ok,30,1.61634798 ETH,1708997308437496320,1708997308437496321,0.21563342318052042,0.3974278
sell,0.5202156334232768,0.001,ok,31,1.61534798 ETH,1708997312405307904,1708997312405307905,0.21293800539081081,0.39713675
sell,0.5202156334232768,0.001,ok,32,1.61434798 ETH,1708997316389896704,1708997316389896705,0.21293800539081081,0.39713675
sell,0.5202156334232768,0.001,ok,33,1.61334798 ETH,1708997320315765248,1708997320315765249,0.21293800539081081,0.39713675
sell,0.956873315363964,0.001,ok,34,1.61234798 ETH,1708997324233245184,1708997324233245185,0.6495956873314981,0.43046314
sell,0.962264150943497,0.001,ok,35,1.61134798 ETH,1708997328192668160,1708997328192668161,0.654986522911031,0.43074632
sell,0.962264150943497,0.001,ok,36,1.61034798 ETH,1708997332143702528,1708997332143702529,0.654986522911031,0.43074632
sell,0.962264150943497,0.001,ok,37,1.60934798 ETH,1708997336136679936,1708997336136679937,0.654986522911031,0.43074632
sell,0.962264150943497,0.001,ok,38,1.60834798 ETH,1708997340213543424,1708997340221932032,0.654986522911031,0.43074632
sell,0.962264150943497,0.001,ok,39,1.60734798 ETH,1708997344147800576,1708997344147800577,0.654986522911031,0.43074632
sell,0.9973045822102904,0.001,ok,40,1.60634798 ETH,1708997348132389376,1708997348132389377,0.6900269541778243,0.4325335
sell,0.9973045822102904,0.001,ok,41,1.60534798 ETH,1708997352116978176,1708997352116978177,0.6900269541778243,0.4325335
sell,0.9973045822102904,0.001,ok,42,1.60434798 ETH,1708997356084789760,1708997356084789761,0.6900269541778243,0.4325335
sell,1.0,0.001,ok,43,1.60334798 ETH,1708997360044212736,1708997360044212737,0.692722371967534,0.43266726
sell,1.0,0.001,ok,44,1.60234798 ETH,1708997364003635712,1708997364003635713,0.692722371967534,0.43266726
sell,0.983827493261515,0.001,ok,45,1.60134798 ETH,1708997367929504256,1708997367929504257,0.6765498652290489,0.43185687
sell,0.9865229110513384,0.001,ok,46,1.60034798 ETH,1708997371880538624,1708997371888927232,0.6792452830188724,0.4319933
sell,0.6981132075471805,0.001,ok,47,1.59934798 ETH,1708997375873516032,1708997375873516033,0.39083557951471454,0.41367662
sell,0.9865229110513384,0.001,ok,48,1.59834798 ETH,1708997379841327616,1708997379841327617,0.6792452830188724,0.4319933
sell,0.9865229110513384,0.001,ok,49,1.59734798 ETH,1708997383800750592,1708997383800750593,0.6792452830188724,0.4319933
sell,0.9865229110513384,0.001,ok,50,1.59634798 ETH,1708997387726619136,1708997387726619137,0.6792452830188724,0.4319933
buy,0.2318059299192327,5.0,ok,51,1.59774686 ETH,1708997391719596544,1708997391719596545,-0.07547169811323329,0.35671616
buy,0.2318059299192327,5.0,ok,52,1.59914574 ETH,1708997395645465088,1708997395645465089,0.0,0.35671616
buy,0.2318059299192327,5.0,ok,53,1.60054462 ETH,1708997399596499456,1708997399596499457,0.0,0.35671616
buy,0.2371967654986519,5.0,ok,54,1.60194350 ETH,1708997403564311040,1708997403564311041,0.00539083557941919,0.3576543
buy,0.0,5.0,ok,55,1.60334238 ETH,1708997407498568192,1708997407498568193,-0.2371967654986519,0.31092376
buy,0.2371967654986519,5.0,ok,56,1.60474126 ETH,1708997411491545600,1708997411491545601,0.2371967654986519,0.3576543
buy,0.2371967654986519,5.0,ok,57,1.60614014 ETH,1708997415476134400,1708997415476134401,0.0,0.3576543
buy,0.0026954177898232,5.0,ok,58,1.60753902 ETH,1708997419410391552,1708997419410391553,-0.2345013477088287,0.31149793
buy,0.0026954177898232,5.0,ok,59,1.60893790 ETH,1708997423445312000,1708997423445312001,0.0,0.31149793
buy,0.0026954177898232,5.0,ok,60,1.61033678 ETH,1708997427455066624,1708997427455066625,0.0,0.31149793
buy,0.0026954177898232,5.0,ok,61,1.61173566 ETH,1708997431414489600,1708997431414489601,0.0,0.31149793
buy,0.0,5.0,ok,62,1.61313454 ETH,1708997435365523968,1708997435365523969,-0.0026954177898232,0.31092376
buy,0.0,5.0,ok,63,1.61453342 ETH,1708997439366889984,1708997439366889985,0.0,0.31092376
buy,0.0053908355795329,5.0,ok,64,1.61593230 ETH,1708997443368256000,1708997443368256001,0.0053908355795329,0.3120717
buy,0.0053908355795329,5.0,ok,65,1.61733118 ETH,1708997447327678976,1708997447336067584,0.0,0.3120717
buy,0.0053908355795329,5.0,ok,66,1.61873006 ETH,1708997451278713344,1708997451278713345,0.0,0.3120717
buy,0.0053908355795329,5.0,ok,67,1.62012894 ETH,1708997455246524928,1708997455246524929,0.0,0.3120717
buy,0.1590296495957091,5.0,ok,68,1.62152782 ETH,1708997459214336512,1708997459214336513,0.15363881401617618,0.34339187
buy,0.307277628032466,5.0,ok,69,1.62292670 ETH,1708997463182148096,1708997463182148097,0.1482479784367569,0.36920345
buy,0.1590296495957091,5.0,ok,70,1.62432558 ETH,1708997467124793856,1708997467124793857,-0.1482479784367569,0.34339187
buy,0.1590296495957091,5.0,ok,71,1.62572446 ETH,1708997471092605440,1708997471092605441,0.0,0.34339187
buy,0.3045822102426427,5.0,ok,72,1.62712334 ETH,1708997475052028416,1708997475060417024,0.14555256064693362,0.3687817
sell,0.3962264150944747,0.001,ok,73,1.62612334 ETH,1708997479061783040,1708997479061783041,0.091644204851832,0.38212785
buy,0.3045822102426427,5.0,ok,74,1.62752222 ETH,1708997483012817408,1708997483012817409,0.0,0.3687817
buy,0.3045822102426427,5.0,ok,75,1.62892110 ETH,1708997487005794816,1708997487005794817,0.0,0.3687817
buy,0.307277628032466,5.0,ok,76,1.63031998 ETH,1708997490998772224,1708997490998772225,0.0026954177898232956,0.36920345
buy,0.3045822102426427,5.0,ok,77,1.63171886 ETH,1708997494983361024,1708997494983361025,-0.0026954177898232956,0.3687817
buy,0.307277628032466,5.0,ok,78,1.63311774 ETH,1708997498951172608,1708997498951172609,0.0026954177898232956,0.36920345
buy,0.307277628032466,5.0,ok,79,1.63451662 ETH,1708997502927372800,1708997502927372801,0.0,0.36920345
sell,0.5229110512129864,0.001,ok,80,1.63351662 ETH,1708997506937127424,1708997506937127425,0.21563342318052042,0.3974278
sell,0.5202156334232768,0.001,ok,81,1.63251662 ETH,1708997510988825088,1708997510988825089,0.21293800539081081,0.39713675
sell,0.5202156334232768,0.001,ok,82,1.63151662 ETH,1708997514956636672,1708997514956636673,0.21293800539081081,0.39713675
sell,0.5202156334232768,0.001,ok,83,1.63051662 ETH,1708997519125774848,1708997519125774849,0.21293800539081081,0.39713675
sell,0.956873315363964,0.001,ok,84,1.62951662 ETH,1708997523093586432,1708997523093586433,0.6495956873314981,0.43046314
sell,0.962264150943497,0.001,ok,85,1.62851662 ETH,1708997530525893120,1708997530525893121,0.654986522911031,0.43074632
sell,0.962264150943497,0.001,ok,86,1.62751662 ETH,1708997535324176896,1708997535324176897,0.654986522911031,0.43074632
sell,0.962264150943497,0.001,ok,87,1.62651662 ETH,1708997539283599872,1708997539283599873,0.654986522911031,0.43074632
sell,0.962264150943497,0.001,ok,88,1.62551662 ETH,1708997543226245632,1708997543226245633,0.654986522911031,0.43074632
sell,0.962264150943497,0.001,ok,89,1.62451662 ETH,1708997547152114176,1708997547152114177,0.654986522911031,0.43074632
sell,0.9973045822102904,0.001,ok,90,1.62351662 ETH,1708997551103148544,1708997551103148545,0.6900269541778243,0.4325335
sell,0.9973045822102904,0.001,ok,91,1.62251662 ETH,1708997555054182912,1708997555054182913,0.6900269541778243,0.4325335
sell,0.9973045822102904,0.001,ok,92,1.62151662 ETH,1708997558971662848,1708997558971662849,0.6900269541778243,0.4325335
sell,1.0,0.001,ok,93,1.62051662 ETH,1708997562931085824,1708997562931085825,0.692722371967534,0.43266726
sell,1.0,0.001,ok,94,1.61951662 ETH,1708997566856954368,1708997566856954369,0.692722371967534,0.43266726
sell,0.983827493261515,0.001,ok,95,1.61851662 ETH,1708997570782822912,1708997570782822913,0.6765498652290489,0.43185687
sell,0.9865229110513384,0.001,ok,96,1.61751662 ETH,1708997574725468672,1708997574725468673,0.6792452830188724,0.4319933
sell,0.6981132075471805,0.001,ok,97,1.61651662 ETH,1708997578684891648,1708997578684891649,0.39083557951471454,0.41367662
sell,0.9865229110513384,0.001,ok,98,1.61551662 ETH,1708997582610760192,1708997582610760193,0.6792452830188724,0.4319933
sell,0.9865229110513384,0.001,ok,99,1.61451662 ETH,1708997586536628736,1708997586536628737,0.6792452830188724,0.4319933
sell,0.9865229110513384,0.001,ok,100,1.61351662 ETH,1708997590496051712,1708997590496051713,0.6792452830188724,0.4319933
buy,0.2318059299192327,5.0,ok,101,1.61491550 ETH,1708997594413531648,1708997594413531649,-0.07547169811323329,0.35671616
buy,0.2318059299192327,5.0,ok,102,1.61631438 ETH,1708997598381343232,1708997598381343233,0.0,0.35671616
buy,0.2318059299192327,5.0,ok,103,1.61771326 ETH,1708997602349154816,1708997602349154817,0.0,0.35671616
buy,0.2371967654986519,5.0,ok,104,1.61911214 ETH,1708997606275023360,1708997606275023361,0.00539083557941919,0.3576543
buy,0.0,5.0,ok,105,1.62051102 ETH,1708997610234446336,1708997610234446337,-0.2371967654986519,0.31092376
buy,0.2371967654986519,5.0,ok,106,1.62190990 ETH,1708997614160314880,1708997614160314881,0.2371967654986519,0.3576543
buy,0.2371967654986519,5.0,ok,107,1.62330878 ETH,1708997618094572032,1708997618094572033,0.0,0.3576543
buy,0.0026954177898232,5.0,ok,108,1.62470766 ETH,1708997622045606400,1708997622045606401,-0.2345013477088287,0.31149793
buy,0.0026954177898232,5.0,ok,109,1.62610654 ETH,1708997625979863552,1708997625979863553,0.0,0.31149793
buy,0.0026954177898232,5.0,ok,110,1.62750542 ETH,1708997629930897920,1708997629930897921,0.0,0.31149793
buy,0.0026954177898232,5.0,ok,111,1.62890430 ETH,1708997633982595584,1708997633982595585,0.0,0.31149793
buy,0.0,5.0,ok,112,1.63030318 ETH,1708997637950407168,1708997637950407169,-0.0026954177898232,0.31092376
buy,0.0,5.0,ok,113,1.63170206 ETH,1708997641867887104,1708997641867887105,0.0,0.31092376
buy,0.0053908355795329,5.0,ok,114,1.63310094 ETH,1708997645827310080,1708997645827310081,0.0053908355795329,0.3120717
buy,0.0053908355795329,5.0,ok,115,1.63449982 ETH,1708997649786733056,1708997649786733057,0.0,0.3120717
buy,0.0053908355795329,5.0,ok,116,1.63589870 ETH,1708997653746156032,1708997653746156033,0.0,0.3120717
buy,0.0053908355795329,5.0,ok,117,1.63729758 ETH,1708997657797853696,1708997657797853697,0.0,0.3120717
buy,0.1590296495957091,5.0,ok,118,1.63869646 ETH,1708997661774053888,1708997661774053889,0.15363881401617618,0.34339187
buy,0.307277628032466,5.0,ok,119,1.64009534 ETH,1708997665691533824,1708997665691533825,0.1482479784367569,0.36920345
buy,0.1590296495957091,5.0,ok,120,1.64149422 ETH,1708997669642568192,1708997669642568193,-0.1482479784367569,0.34339187
buy,0.1590296495957091,5.0,ok,121,1.64289310 ETH,1708997673593602560,1708997673593602561,0.0,0.34339187
buy,0.3045822102426427,5.0,ok,122,1.64429198 ETH,1708997677544636928,1708997677544636929,0.14555256064693362,0.3687817
sell,0.3962264150944747,0.001,ok,123,1.64329198 ETH,1708997681487282688,1708997681487282689,0.091644204851832,0.38212785
buy,0.3045822102426427,5.0,ok,124,1.64469086 ETH,1708997685446705664,1708997685446705665,0.0,0.3687817
buy,0.3045822102426427,5.0,ok,125,1.64608974 ETH,1708997689389351424,1708997689389351425,0.0,0.3687817
buy,0.307277628032466,5.0,ok,126,1.64748862 ETH,1708997693365551616,1708997693365551617,0.0026954177898232956,0.36920345
buy,0.3045822102426427,5.0,ok,127,1.64888750 ETH,1708997697324974592,1708997697324974593,-0.0026954177898232956,0.3687817
buy,0.307277628032466,5.0,ok,128,1.65028638 ETH,1708997701359895040,1708997701359895041,0.0026954177898232956,0.36920345
buy,0.307277628032466,5.0,ok,129,1.65168526 ETH,1708997705294152192,1708997705294152193,0.0,0.36920345
sell,0.5229110512129864,0.001,ok,130,1.65068526 ETH,1708997709287129600,1708997709287129601,0.21563342318052042,0.3974278
sell,0.5202156334232768,0.001,ok,131,1.64968526 ETH,1708997713271718400,1708997713271718401,0.21293800539081081,0.39713675
sell,0.5202156334232768,0.001,ok,132,1.64868526 ETH,1708997717239529984,1708997717239529985,0.21293800539081081,0.39713675
sell,0.5202156334232768,0.001,ok,133,1.64768526 ETH,1708997721266061824,1708997721266061825,0.21293800539081081,0.39713675
sell,0.956873315363964,0.001,ok,134,1.64668526 ETH,1708997725225484800,1708997725225484801,0.6495956873314981,0.43046314
sell,0.962264150943497,0.001,ok,135,1.64568526 ETH,1708997729193296384,1708997729193296385,0.654986522911031,0.43074632
sell,0.962264150943497,0.001,ok,136,1.64468526 ETH,1708997733119164928,1708997733119164929,0.654986522911031,0.43074632
sell,0.962264150943497,0.001,ok,137,1.64368526 ETH,1708997737078587904,1708997737078587905,0.654986522911031,0.43074632
sell,0.962264150943497,0.001,ok,138,1.64268526 ETH,1708997741071565312,1708997741071565313,0.654986522911031,0.43074632
sell,0.962264150943497,0.001,ok,139,1.64168526 ETH,1708997744997433856,1708997744997433857,0.654986522911031,0.43074632
sell,0.9973045822102904,0.001,ok,140,1.64068526 ETH,1708997748965245440,1708997748965245441,0.6900269541778243,0.4325335
sell,0.9973045822102904,0.001,ok,141,1.63968526 ETH,1708997752941445632,1708997752941445633,0.6900269541778243,0.4325335
sell,0.9973045822102904,0.001,ok,142,1.63868526 ETH,1708997756867314176,1708997756867314177,0.6900269541778243,0.4325335
sell,1.0,0.001,ok,143,1.63768526 ETH,1708997760801571328,1708997760801571329,0.692722371967534,0.43266726
sell,1.0,0.001,ok,144,1.63668526 ETH,1708997764752605696,1708997764752605697,0.692722371967534,0.43266726
sell,0.983827493261515,0.001,ok,145,1.63568526 ETH,1708997768695251456,1708997768695251457,0.6765498652290489,0.43185687
sell,0.9865229110513384,0.001,ok,146,1.63468526 ETH,1708997772629508608,1708997772629508609,0.6792452830188724,0.4319933
sell,0.6981132075471805,0.001,ok,147,1.63368526 ETH,1708997776572154368,1708997776572154369,0.39083557951471454,0.41367662
sell,0.9865229110513384,0.001,ok,148,1.63268526 ETH,1708997780531577344,1708997780531577345,0.6792452830188724,0.4319933
sell,0.9865229110513384,0.001,ok,149,1.63168526 ETH,1708997784549720576,1708997784549720577,0.6792452830188724,0.4319933
sell,0.9865229110513384,0.001,ok,150,1.63068526 ETH,1708997788500754944,1708997788500754945,0.6792452830188724,0.4319933
buy,0.2318059299192327,5.0,ok,151,1.63208414 ETH,1708997792468566528,1708997792468566529,-0.07547169811323329,0.35671616
buy,0.2318059299192327,5.0,ok,152,1.63348302 ETH,1708997796419600896,1708997796419600897,0.0,0.35671616
buy,0.2318059299192327,5.0,ok,153,1.63488190 ETH,1708997800353858048,1708997800353858049,0.0,0.35671616
buy,0.2371967654986519,5.0,ok,154,1.63628078 ETH,1708997804288115200,1708997804288115201,0.00539083557941919,0.3576543
buy,0.0,5.0,ok,155,1.63767966 ETH,1708997808239149568,1708997808239149569,-0.2371967654986519,0.31092376
buy,0.2371967654986519,5.0,ok,156,1.63907854 ETH,1708997812156629504,1708997812156629505,0.2371967654986519,0.3576543
buy,0.2371967654986519,5.0,ok,157,1.64047742 ETH,1708997816116052480,1708997816124441088,0.0,0.3576543
buy,0.0026954177898232,5.0,ok,158,1.64187630 ETH,1708997820050309632,1708997820050309633,-0.2345013477088287,0.31149793
buy,0.0026954177898232,5.0,ok,159,1.64327518 ETH,1708997823976178176,1708997823976178177,0.0,0.31149793
buy,0.0026954177898232,5.0,ok,160,1.64467406 ETH,1708997827943989760,1708997827943989761,0.0,0.31149793
buy,0.0026954177898232,5.0,ok,161,1.64607294 ETH,1708997831936967168,1708997831936967169,0.0,0.31149793
buy,0.0,5.0,ok,162,1.64747182 ETH,1708997835854447104,1708997835854447105,-0.0026954177898232,0.31092376
buy,0.0,5.0,ok,163,1.64887070 ETH,1708997839830647296,1708997839830647297,0.0,0.31092376
buy,0.0053908355795329,5.0,ok,164,1.65026958 ETH,1708997843748127232,1708997843748127233,0.0053908355795329,0.3120717
buy,0.0053908355795329,5.0,ok,165,1.65166846 ETH,1708997847715938816,1708997847715938817,0.0,0.3120717
buy,0.0053908355795329,5.0,ok,166,1.65306734 ETH,1708997851650195968,1708997851650195969,0.0,0.3120717
buy,0.0053908355795329,5.0,ok,167,1.65446622 ETH,1708997855727059456,1708997855727059457,0.0,0.3120717
buy,0.1590296495957091,5.0,ok,168,1.65586510 ETH,1708997859652928000,1708997859652928001,0.15363881401617618,0.34339187
buy,0.307277628032466,5.0,ok,169,1.65726398 ETH,1708997863620739584,1708997863620739585,0.1482479784367569,0.36920345
buy,0.1590296495957091,5.0,ok,170,1.65866286 ETH,1708997867722768896,1708997867722768897,-0.1482479784367569,0.34339187
buy,0.1590296495957091,5.0,ok,171,1.66006174 ETH,1708997871682191872,1708997871682191873,0.0,0.34339187
buy,0.3045822102426427,5.0,ok,172,1.66146062 ETH,1708997875616449024,1708997875616449025,0.14555256064693362,0.3687817
sell,0.3962264150944747,0.001,ok,173,1.66046062 ETH,1708997880607670784,1708997880607670785,0.091644204851832,0.38212785
buy,0.3045822102426427,5.0,ok,174,1.66185950 ETH,1708997884550316544,1708997884550316545,0.0,0.3687817
buy,0.3045822102426427,5.0,ok,175,1.66325838 ETH,1708997888501350912,1708997888501350913,0.0,0.3687817
buy,0.307277628032466,5.0,ok,176,1.66465726 ETH,1708997892561437184,1708997892561437185,0.0026954177898232956,0.36920345
buy,0.3045822102426427,5.0,ok,177,1.66605614 ETH,1708997896529248768,1708997896529248769,-0.0026954177898232956,0.3687817
buy,0.307277628032466,5.0,ok,178,1.66745502 ETH,1708997900497060352,1708997900497060353,0.0026954177898232956,0.36920345
buy,0.307277628032466,5.0,ok,179,1.66885390 ETH,1708997904657809920,1708997904657809921,0.0,0.36920345
sell,0.5229110512129864,0.001,ok,180,1.66785390 ETH,1708997908625621504,1708997908625621505,0.21563342318052042,0.3974278
sell,0.5202156334232768,0.001,ok,181,1.66685390 ETH,1708997912551490048,1708997912551490049,0.21293800539081081,0.39713675
sell,0.5202156334232768,0.001,ok,182,1.66585390 ETH,1708997916477358592,1708997916477358593,0.21293800539081081,0.39713675
sell,0.5202156334232768,0.001,ok,183,1.66485390 ETH,1708997920453558784,1708997920453558785,0.21293800539081081,0.39713675
sell,0.956873315363964,0.001,ok,184,1.66385390 ETH,1708997924412981760,1708997924412981761,0.6495956873314981,0.43046314
sell,0.962264150943497,0.001,ok,185,1.66285390 ETH,1708997928364016128,1708997928364016129,0.654986522911031,0.43074632
sell,0.962264150943497,0.001,ok,186,1.66185390 ETH,1708997932289884672,1708997932289884673,0.654986522911031,0.43074632
sell,0.962264150943497,0.001,ok,187,1.66085390 ETH,1708997936232530432,1708997936232530433,0.654986522911031,0.43074632
sell,0.962264150943497,0.001,ok,188,1.65985390 ETH,1708997940166787584,1708997940166787585,0.654986522911031,0.43074632
sell,0.962264150943497,0.001,ok,189,1.65885390 ETH,1708997944126210560,1708997944126210561,0.654986522911031,0.43074632
sell,0.9973045822102904,0.001,ok,190,1.65785390 ETH,1708997948085633536,1708997948085633537,0.6900269541778243,0.4325335
sell,0.9973045822102904,0.001,ok,191,1.65685390 ETH,1708997952053445120,1708997952053445121,0.6900269541778243,0.4325335
sell,0.9973045822102904,0.001,ok,192,1.65585390 ETH,1708997956004479488,1708997956004479489,0.6900269541778243,0.4325335
sell,1.0,0.001,ok,193,1.65485390 ETH,1708997959972291072,1708997959972291073,0.692722371967534,0.43266726
sell,1.0,0.001,ok,194,1.65385390 ETH,1708997963923325440,1708997963923325441,0.692722371967534,0.43266726
sell,0.983827493261515,0.001,ok,195,1.65285390 ETH,1708997967882748416,1708997967882748417,0.6765498652290489,0.43185687
sell,0.9865229110513384,0.001,ok,196,1.65185390 ETH,1708997971808616960,1708997971808616961,0.6792452830188724,0.4319933
sell,0.6981132075471805,0.001,ok,197,1.65085390 ETH,1708997975768039936,1708997975768039937,0.39083557951471454,0.41367662
sell,0.9865229110513384,0.001,ok,198,1.64985390 ETH,1708997979727462912,1708997979727462913,0.6792452830188724,0.4319933
sell,0.9865229110513384,0.001,ok,199,1.64885390 ETH,1708997983644942848,1708997983644942849,0.6792452830188724,0.4319933
sell,0.9865229110513384,0.001,ok,200,1.64785390 ETH,1708997987579200000,1708997987579200001,0.6792452830188724,0.4319933
buy,0.2318059299192327,5.0,ok,201,1.64925278 ETH,1708997991538622976,1708997991538622977,-0.07547169811323329,0.35671616
buy,0.2318059299192327,5.0,ok,202,1.65065166 ETH,1708997995506434560,1708997995506434561,0.0,0.35671616
buy,0.2318059299192327,5.0,ok,203,1.65205054 ETH,1708997999423914496,1708997999423914497,0.0,0.35671616
buy,0.2371967654986519,5.0,ok,204,1.65344942 ETH,1708998003442057728,1708998003442057729,0.00539083557941919,0.3576543
buy,0.0,5.0,ok,205,1.65484830 ETH,1708998007409869312,1708998007409869313,-0.2371967654986519,0.31092376
buy,0.2371967654986519,5.0,ok,206,1.65624718 ETH,1708998011327349248,1708998011327349249,0.2371967654986519,0.3576543
buy,0.2371967654986519,5.0,ok,207,1.65764606 ETH,1708998015353881088,1708998015353881089,0.0,0.3576543
buy,0.0026954177898232,5.0,ok,208,1.65904494 ETH,1708998019296526848,1708998019296526849,-0.2345013477088287,0.31149793
buy,0.0026954177898232,5.0,ok,209,1.66044382 ETH,1708998023247561216,1708998023247561217,0.0,0.31149793
buy,0.0026954177898232,5.0,ok,210,1.66184270 ETH,1708998027190206976,1708998027190206977,0.0,0.31149793
buy,0.0026954177898232,5.0,ok,211,1.66324158 ETH,1708998031158018560,1708998031158018561,0.0,0.31149793
buy,0.0,5.0,ok,212,1.66464046 ETH,1708998035092275712,1708998035092275713,-0.0026954177898232,0.31092376
buy,0.0,5.0,ok,213,1.66603934 ETH,1708998039060087296,1708998039060087297,0.0,0.31092376
buy,0.0053908355795329,5.0,ok,214,1.66743822 ETH,1708998043019510272,1708998043027898880,0.0053908355795329,0.3120717
buy,0.0053908355795329,5.0,ok,215,1.66883710 ETH,1708998047062819328,1708998047062819329,0.0,0.3120717
buy,0.0053908355795329,5.0,ok,216,1.67023598 ETH,1708998051005465088,1708998051005465089,0.0,0.3120717
buy,0.0053908355795329,5.0,ok,217,1.67163486 ETH,1708998054931333632,1708998054939722240,0.0,0.3120717
buy,0.1590296495957091,5.0,ok,218,1.67303374 ETH,1708998058857202176,1708998058857202177,0.15363881401617618,0.34339187
buy,0.307277628032466,5.0,ok,219,1.67443262 ETH,1708998062808236544,1708998062808236545,0.1482479784367569,0.36920345
buy,0.1590296495957091,5.0,ok,220,1.67583150 ETH,1708998066750882304,1708998066750882305,-0.1482479784367569,0.34339187
buy,0.1590296495957091,5.0,ok,221,1.67723038 ETH,1708998070701916672,1708998070710305280,0.0,0.34339187
buy,0.3045822102426427,5.0,ok,222,1.67862926 ETH,1708998074644562432,1708998074644562433,0.14555256064693362,0.3687817
sell,0.3962264150944747,0.001,ok,223,1.67762926 ETH,1708998078595596800,1708998078595596801,0.091644204851832,0.38212785
buy,0.3045822102426427,5.0,ok,224,1.67902814 ETH,1708998082529853952,1708998082529853953,0.0,0.3687817
buy,0.3045822102426427,5.0,ok,225,1.68042702 ETH,1708998086506054144,1708998086506054145,0.0,0.3687817
buy,0.307277628032466,5.0,ok,226,1.68182590 ETH,1708998090582917632,1708998090582917633,0.0026954177898232956,0.36920345
buy,0.3045822102426427,5.0,ok,227,1.68322478 ETH,1708998094559117824,1708998094559117825,-0.0026954177898232956,0.3687817
buy,0.307277628032466,5.0,ok,228,1.68462366 ETH,1708998098501763584,1708998098501763585,0.0026954177898232956,0.36920345
buy,0.307277628032466,5.0,ok,229,1.68602254 ETH,1708998102519906816,1708998102519906817,0.0,0.36920345
sell,0.5229110512129864,0.001,ok,230,1.68502254 ETH,1708998106613547520,1708998106613547521,0.21563342318052042,0.3974278
sell,0.5202156334232768,0.001,ok,231,1.68402254 ETH,1708998110581359104,1708998110581359105,0.21293800539081081,0.39713675
sell,0.5202156334232768,0.001,ok,232,1.68302254 ETH,1708998114549170688,1708998114549170689,0.21293800539081081,0.39713675
sell,0.5202156334232768,0.001,ok,233,1.68202254 ETH,1708998118475039232,1708998118475039233,0.21293800539081081,0.39713675
sell,0.956873315363964,0.001,ok,234,1.68102254 ETH,1708998122409296384,1708998122409296385,0.6495956873314981,0.43046314
sell,0.962264150943497,0.001,ok,235,1.68002254 ETH,1708998126368719360,1708998126368719361,0.654986522911031,0.43074632
sell,0.962264150943497,0.001,ok,236,1.67902254 ETH,1708998130328142336,1708998130328142337,0.654986522911031,0.43074632
sell,0.962264150943497,0.001,ok,237,1.67802254 ETH,1708998134279176704,1708998134279176705,0.654986522911031,0.43074632
sell,0.962264150943497,0.001,ok,238,1.67702254 ETH,1708998138246988288,1708998138255376896,0.654986522911031,0.43074632
sell,0.962264150943497,0.001,ok,239,1.67602254 ETH,1708998142181245440,1708998142181245441,0.654986522911031,0.43074632
sell,0.9973045822102904,0.001,ok,240,1.67502254 ETH,1708998146207777280,1708998146207777281,0.6900269541778243,0.4325335
sell,0.9973045822102904,0.001,ok,241,1.67402254 ETH,1708998150209143296,1708998150209143297,0.6900269541778243,0.4325335
sell,0.9973045822102904,0.001,ok,242,1.67302254 ETH,1708998154168566272,1708998154168566273,0.6900269541778243,0.4325335
sell,1.0,0.001,ok,243,1.67202254 ETH,1708998158119600640,1708998158119600641,0.692722371967534,0.43266726
sell,1.0,0.001,ok,244,1.67102254 ETH,1708998162053857792,1708998162053857793,0.692722371967534,0.43266726
sell,0.983827493261515,0.001,ok,245,1.67002254 ETH,1708998166063612416,1708998166063612417,0.6765498652290489,0.43185687
sell,0.9865229110513384,0.001,ok,246,1.66902254 ETH,1708998170048201216,1708998170048201217,0.6792452830188724,0.4319933
sell,0.6981132075471805,0.001,ok,247,1.66802254 ETH,1708998174032790016,1708998174032790017,0.39083557951471454,0.41367662
sell,0.9865229110513384,0.001,ok,248,1.66702254 ETH,1708998178118042112,1708998178118042113,0.6792452830188724,0.4319933
sell,0.9865229110513384,0.001,ok,249,1.66602254 ETH,1708998182085853696,1708998182085853697,0.6792452830188724,0.4319933
sell,0.9865229110513384,0.001,ok,250,1.66502254 ETH,1708998186003333632,1708998186011722240,0.6792452830188724,0.4319933
buy,0.2318059299192327,5.0,ok,251,1.66642142 ETH,1708998189996311040,1708998189996311041,-0.07547169811323329,0.35671616
buy,0.2318059299192327,5.0,ok,252,1.66782030 ETH,1708998193938956800,1708998193938956801,0.0,0.35671616
buy,0.2318059299192327,5.0,ok,253,1.66921918 ETH,1708998198007431680,1708998198007431681,0.0,0.35671616
buy,0.2371967654986519,5.0,ok,254,1.67061806 ETH,1708998201950077440,1708998201950077441,0.00539083557941919,0.3576543
buy,0.0,5.0,ok,255,1.67201694 ETH,1708998205892723200,1708998205892723201,-0.2371967654986519,0.31092376
buy,0.2371967654986519,5.0,ok,256,1.67341582 ETH,1708998209835368960,1708998209835368961,0.2371967654986519,0.3576543
buy,0.2371967654986519,5.0,ok,257,1.67481470 ETH,1708998213794791936,1708998213794791937,0.0,0.3576543
buy,0.0026954177898232,5.0,ok,258,1.67621358 ETH,1708998217770992128,1708998217770992129,-0.2345013477088287,0.31149793
buy,0.0026954177898232,5.0,ok,259,1.67761246 ETH,1708998221730415104,1708998221730415105,0.0,0.31149793
buy,0.0026954177898232,5.0,ok,260,1.67901134 ETH,1708998225681449472,1708998225681449473,0.0,0.31149793
buy,0.0026954177898232,5.0,ok,261,1.68041022 ETH,1708998229624095232,1708998229624095233,0.0,0.31149793
buy,0.0,5.0,ok,262,1.68180910 ETH,1708998233541575168,1708998233541575169,-0.0026954177898232,0.31092376
buy,0.0,5.0,ok,263,1.68320798 ETH,1708998237492609536,1708998237492609537,0.0,0.31092376
buy,0.0053908355795329,5.0,ok,264,1.68460686 ETH,1708998241535918592,1708998241535918593,0.0053908355795329,0.3120717
buy,0.0053908355795329,5.0,ok,265,1.68600574 ETH,1708998245478564352,1708998245478564353,0.0,0.3120717
buy,0.0053908355795329,5.0,ok,266,1.68740462 ETH,1708998249437987328,1708998249437987329,0.0,0.3120717
buy,0.0053908355795329,5.0,ok,267,1.68880350 ETH,1708998253372244480,1708998253380633088,0.0,0.3120717
buy,0.1590296495957091,5.0,ok,268,1.69020238 ETH,1708998257340056064,1708998257340056065,0.15363881401617618,0.34339187
buy,0.307277628032466,5.0,ok,269,1.69160126 ETH,1708998261324644864,1708998261324644865,0.1482479784367569,0.36920345
buy,0.1590296495957091,5.0,ok,270,1.69300014 ETH,1708998265267290624,1708998265267290625,-0.1482479784367569,0.34339187
buy,0.1590296495957091,5.0,ok,271,1.69439902 ETH,1708998269209936384,1708998269209936385,0.0,0.34339187
buy,0.3045822102426427,5.0,ok,272,1.69579790 ETH,1708998273236468224,1708998273236468225,0.14555256064693362,0.3687817
sell,0.3962264150944747,0.001,ok,273,1.69479790 ETH,1708998277263000064,1708998277271388672,0.091644204851832,0.38212785
buy,0.3045822102426427,5.0,ok,274,1.69619678 ETH,1708998281247588864,1708998281247588865,0.0,0.3687817
buy,0.3045822102426427,5.0,ok,275,1.69759566 ETH,1708998285198623232,1708998285198623233,0.0,0.3687817
buy,0.307277628032466,5.0,ok,276,1.69899454 ETH,1708998289183212032,1708998289183212033,0.0026954177898232956,0.36920345
buy,0.3045822102426427,5.0,ok,277,1.70039342 ETH,1708998293176189440,1708998293176189441,-0.0026954177898232956,0.3687817
buy,0.307277628032466,5.0,ok,278,1.70179230 ETH,1708998297144001024,1708998297144001025,0.0026954177898232956,0.36920345
buy,0.307277628032466,5.0,ok,279,1.70319118 ETH,1708998301095035392,1708998301095035393,0.0,0.36920345
sell,0.5229110512129864,0.001,ok,280,1.70219118 ETH,1708998305046069760,1708998305046069761,0.21563342318052042,0.3974278
sell,0.5202156334232768,0.001,ok,281,1.70119118 ETH,1708998308988715520,1708998308988715521,0.21293800539081081,0.39713675
sell,0.5202156334232768,0.001,ok,282,1.70019118 ETH,1708998312931361280,1708998312931361281,0.21293800539081081,0.39713675
sell,0.5202156334232768,0.001,ok,283,1.69919118 ETH,1708998316899172864,1708998316899172865,0.21293800539081081,0.39713675
sell,0.956873315363964,0.001,ok,284,1.69819118 ETH,1708998320892150272,1708998320892150273,0.6495956873314981,0.43046314
sell,0.962264150943497,0.001,ok,285,1.69719118 ETH,1708998324843184640,1708998324851573248,0.654986522911031,0.43074632
sell,0.962264150943497,0.001,ok,286,1.69619118 ETH,1708998328810996224,1708998328810996225,0.654986522911031,0.43074632
sell,0.962264150943497,0.001,ok,287,1.69519118 ETH,1708998332787196416,1708998332787196417,0.654986522911031,0.43074632
sell,0.962264150943497,0.001,ok,288,1.69419118 ETH,1708998336738230784,1708998336738230785,0.654986522911031,0.43074632
sell,0.962264150943497,0.001,ok,289,1.69319118 ETH,1708998340706042368,1708998340706042369,0.654986522911031,0.43074632
sell,0.9973045822102904,0.001,ok,290,1.69219118 ETH,1708998344665465344,1708998344665465345,0.6900269541778243,0.4325335
sell,0.9973045822102904,0.001,ok,291,1.69119118 ETH,1708998348599722496,1708998348599722497,0.6900269541778243,0.4325335
sell,0.9973045822102904,0.001,ok,292,1.69019118 ETH,1708998352567534080,1708998352567534081,0.6900269541778243,0.4325335
sell,1.0,0.001,ok,293,1.68919118 ETH,1708998356510179840,1708998356510179841,0.692722371967534,0.43266726
sell,1.0,0.001,ok,294,1.68819118 ETH,1708998360469602816,1708998360469602817,0.692722371967534,0.43266726
sell,0.983827493261515,0.001,ok,295,1.68719118 ETH,1708998364387082752,1708998364387082753,0.6765498652290489,0.43185687
sell,0.9865229110513384,0.001,ok,296,1.68619118 ETH,1708998368422003200,1708998368422003201,0.6792452830188724,0.4319933
sell,0.6981132075471805,0.001,ok,297,1.68519118 ETH,1708998372389814784,1708998372389814785,0.39083557951471454,0.41367662
sell,0.9865229110513384,0.001,ok,298,1.68419118 ETH,1708998376366014976,1708998376366014977,0.6792452830188724,0.4319933
sell,0.9865229110513384,0.001,ok,299,1.68319118 ETH,1708998380308660736,1708998380317049344,0.6792452830188724,0.4319933
sell,0.9865229110513384,0.001,ok,300,1.68219118 ETH,1708998384318415360,1708998384318415361,0.6792452830188724,0.4319933
buy,0.2318059299192327,5.0,ok,301,1.68359006 ETH,1708998388319781376,1708998388319781377,-0.07547169811323329,0.35671616
buy,0.2318059299192327,5.0,ok,302,1.68498894 ETH,1708998392245649920,1708998392245649921,0.0,0.35671616
buy,0.2318059299192327,5.0,ok,303,1.68638782 ETH,1708998396205072896,1708998396205072897,0.0,0.35671616
buy,0.2318059299192327,5.0,ok,304,1.68778670 ETH,1708998400139330048,1708998400139330049,0.0,0.35671616
buy,0.2371967654986519,5.0,ok,305,1.68918558 ETH,1708998404056809984,1708998404056809985,0.00539083557941919,0.3576543
buy,0.0,5.0,ok,306,1.69058446 ETH,1708998408033010176,1708998408033010177,-0.2371967654986519,0.31092376
buy,0.2371967654986519,5.0,ok,307,1.69198334 ETH,1708998411992433152,1708998411992433153,0.2371967654986519,0.3576543
buy,0.2371967654986519,5.0,ok,308,1.69338222 ETH,1708998415968633344,1708998415968633345,0.0,0.3576543
buy,0.0026954177898232,5.0,ok,309,1.69478110 ETH,1708998419902890496,1708998419902890497,-0.2345013477088287,0.31149793
buy,0.0026954177898232,5.0,ok,310,1.69617998 ETH,1708998423837147648,1708998423837147649,0.0,0.31149793
buy,0.0026954177898232,5.0,ok,311,1.69757886 ETH,1708998427788182016,1708998427788182017,0.0,0.31149793
buy,0.0026954177898232,5.0,ok,312,1.69897774 ETH,1708998431739216384,1708998431739216385,0.0,0.31149793
buy,0.0,5.0,ok,313,1.70037662 ETH,1708998435673473536,1708998435673473537,-0.0026954177898232,0.31092376
buy,0.0,5.0,ok,314,1.70177550 ETH,1708998439632896512,1708998439632896513,0.0,0.31092376
buy,0.0053908355795329,5.0,ok,315,1.70317438 ETH,1708998443558765056,1708998443558765057,0.0053908355795329,0.3120717
buy,0.0053908355795329,5.0,ok,316,1.70457326 ETH,1708998447543353856,1708998447543353857,0.0,0.3120717
buy,0.0053908355795329,5.0,ok,317,1.70597214 ETH,1708998451469222400,1708998451469222401,0.0,0.3120717
buy,0.0053908355795329,5.0,ok,318,1.70737102 ETH,1708998455428645376,1708998455428645377,0.0,0.3120717
buy,0.1590296495957091,5.0,ok,319,1.70876990 ETH,1708998459346125312,1708998459346125313,0.15363881401617618,0.34339187
buy,0.307277628032466,5.0,ok,320,1.71016878 ETH,1708998463313936896,1708998463313936897,0.1482479784367569,0.36920345
buy,0.1590296495957091,5.0,ok,321,1.71156766 ETH,1708998467298525696,1708998467298525697,-0.1482479784367569,0.34339187
buy,0.1590296495957091,5.0,ok,322,1.71296654 ETH,1708998471232782848,1708998471232782849,0.0,0.34339187
buy,0.3045822102426427,5.0,ok,323,1.71436542 ETH,1708998475192205824,1708998475192205825,0.14555256064693362,0.3687817
sell,0.3962264150944747,0.001,ok,324,1.71336542 ETH,1708998479201960448,1708998479201960449,0.091644204851832,0.38212785
buy,0.3045822102426427,5.0,ok,325,1.71476430 ETH,1708998483178160640,1708998483178160641,0.0,0.3687817
buy,0.3045822102426427,5.0,ok,326,1.71616318 ETH,1708998487129195008,1708998487129195009,0.0,0.3687817
buy,0.307277628032466,5.0,ok,327,1.71756206 ETH,1708998491147338240,1708998491147338241,0.0026954177898232956,0.36920345
buy,0.3045822102426427,5.0,ok,328,1.71896094 ETH,1708998495098372608,1708998495098372609,-0.0026954177898232956,0.3687817
buy,0.307277628032466,5.0,ok,329,1.72035982 ETH,1708998499024241152,1708998499024241153,0.0026954177898232956,0.36920345
buy,0.307277628032466,5.0,ok,330,1.72175870 ETH,1708998502958498304,1708998502958498305,0.0,0.36920345
sell,0.5229110512129864,0.001,ok,331,1.72075870 ETH,1708998506926309888,1708998506926309889,0.21563342318052042,0.3974278
sell,0.5202156334232768,0.001,ok,332,1.71975870 ETH,1708998510860567040,1708998510860567041,0.21293800539081081,0.39713675
sell,0.5202156334232768,0.001,ok,333,1.71875870 ETH,1708998514803212800,1708998514803212801,0.21293800539081081,0.39713675
sell,0.5202156334232768,0.001,ok,334,1.71775870 ETH,1708998518754247168,1708998518754247169,0.21293800539081081,0.39713675
sell,0.956873315363964,0.001,ok,335,1.71675870 ETH,1708998522738835968,1708998522738835969,0.6495956873314981,0.43046314
sell,0.962264150943497,0.001,ok,336,1.71575870 ETH,1708998526698258944,1708998526698258945,0.654986522911031,0.43074632
sell,0.962264150943497,0.001,ok,337,1.71475870 ETH,1708998530666070528,1708998530666070529,0.654986522911031,0.43074632
sell,0.962264150943497,0.001,ok,338,1.71375870 ETH,1708998534591939072,1708998534591939073,0.654986522911031,0.43074632
sell,0.962264150943497,0.001,ok,339,1.71275870 ETH,1708998538526196224,1708998538526196225,0.654986522911031,0.43074632
sell,0.962264150943497,0.001,ok,340,1.71175870 ETH,1708998542611448320,1708998542611448321,0.654986522911031,0.43074632
sell,0.9973045822102904,0.001,ok,341,1.71075870 ETH,1708998546537316864,1708998546537316865,0.6900269541778243,0.4325335
sell,0.9973045822102904,0.001,ok,342,1.70975870 ETH,1708998550463185408,1708998550463185409,0.6900269541778243,0.4325335
sell,0.9973045822102904,0.001,ok,343,1.70875870 ETH,1708998554464551424,1708998554464551425,0.6900269541778243,0.4325335
sell,1.0,0.001,ok,344,1.70775870 ETH,1708998558382031360,1708998558382031361,0.692722371967534,0.43266726
sell,1.0,0.001,ok,345,1.70675870 ETH,1708998562341454336,1708998562341454337,0.692722371967534,0.43266726
sell,0.983827493261515,0.001,ok,346,1.70575870 ETH,1708998566300877312,1708998566300877313,0.6765498652290489,0.43185687
sell,0.9865229110513384,0.001,ok,347,1.70475870 ETH,1708998570260300288,1708998570260300289,0.6792452830188724,0.4319933
sell,0.6981132075471805,0.001,ok,348,1.70375870 ETH,1708998574211334656,1708998574211334657,0.39083557951471454,0.41367662
sell,0.9865229110513384,0.001,ok,349,1.70275870 ETH,1708998578162369024,1708998578162369025,0.6792452830188724,0.4319933
sell,0.9865229110513384,0.001,ok,350,1.70175870 ETH,1708998582121792000,1708998582121792001,0.6792452830188724,0.4319933
buy,0.2318059299192327,5.0,ok,351,1.70315758 ETH,1708998586123158016,1708998586123158017,-0.07547169811323329,0.35671616
buy,0.2318059299192327,5.0,ok,352,1.70455646 ETH,1708998590099358208,1708998590099358209,0.0,0.35671616
buy,0.2318059299192327,5.0,ok,353,1.70595534 ETH,1708998594067169792,1708998594075558400,0.0,0.35671616
buy,0.2318059299192327,5.0,ok,354,1.70735422 ETH,1708998598144033280,1708998598144033281,0.0,0.35671616
buy,0.2371967654986519,5.0,ok,355,1.70875310 ETH,1708998602095067648,1708998602095067649,0.00539083557941919,0.3576543
buy,0.0,5.0,ok,356,1.71015198 ETH,1708998606012547584,1708998606012547585,-0.2371967654986519,0.31092376
buy,0.2371967654986519,5.0,ok,357,1.71155086 ETH,1708998610013913600,1708998610013913601,0.2371967654986519,0.3576543
buy,0.2371967654986519,5.0,ok,358,1.71294974 ETH,1708998613964947968,1708998613964947969,0.0,0.3576543
buy,0.0026954177898232,5.0,ok,359,1.71434862 ETH,1708998617915982336,1708998617915982337,-0.2345013477088287,0.31149793
buy,0.0026954177898232,5.0,ok,360,1.71574750 ETH,1708998621875405312,1708998621875405313,0.0,0.31149793
buy,0.0026954177898232,5.0,ok,361,1.71714638 ETH,1708998625818051072,1708998625818051073,0.0,0.31149793
buy,0.0026954177898232,5.0,ok,362,1.71854526 ETH,1708998629735531008,1708998629735531009,0.0,0.31149793
buy,0.0,5.0,ok,363,1.71994414 ETH,1708998633694953984,1708998633694953985,-0.0026954177898232,0.31092376
buy,0.0,5.0,ok,364,1.72134302 ETH,1708998637645988352,1708998637645988353,0.0,0.31092376
buy,0.0053908355795329,5.0,ok,365,1.72274190 ETH,1708998641571856896,1708998641571856897,0.0053908355795329,0.3120717
buy,0.0053908355795329,5.0,ok,366,1.72414078 ETH,1708998645531279872,1708998645531279873,0.0,0.3120717
buy,0.0053908355795329,5.0,ok,367,1.72553966 ETH,1708998649490702848,1708998649490702849,0.0,0.3120717
buy,0.0053908355795329,5.0,ok,368,1.72693854 ETH,1708998653441737216,1708998653441737217,0.0,0.3120717
buy,0.1590296495957091,5.0,ok,369,1.72833742 ETH,1708998657384382976,1708998657392771584,0.15363881401617618,0.34339187
buy,0.307277628032466,5.0,ok,370,1.72973630 ETH,1708998661360583168,1708998661360583169,0.1482479784367569,0.36920345
buy,0.1590296495957091,5.0,ok,371,1.73113518 ETH,1708998665294840320,1708998665294840321,-0.1482479784367569,0.34339187
buy,0.1590296495957091,5.0,ok,372,1.73253406 ETH,1708998669254263296,1708998669254263297,0.0,0.34339187
buy,0.3045822102426427,5.0,ok,373,1.73393294 ETH,1708998673230463488,1708998673230463489,0.14555256064693362,0.3687817
sell,0.3962264150944747,0.001,ok,374,1.73293294 ETH,1708998677189886464,1708998677189886465,0.091644204851832,0.38212785
buy,0.3045822102426427,5.0,ok,375,1.73433182 ETH,1708998681115755008,1708998681115755009,0.0,0.3687817
buy,0.3045822102426427,5.0,ok,376,1.73573070 ETH,1708998685050012160,1708998685050012161,0.0,0.3687817
buy,0.307277628032466,5.0,ok,377,1.73712958 ETH,1708998689034600960,1708998689034600961,0.0026954177898232956,0.36920345
buy,0.3045822102426427,5.0,ok,378,1.73852846 ETH,1708998692960469504,1708998692960469505,-0.0026954177898232956,0.3687817
buy,0.307277628032466,5.0,ok,379,1.73992734 ETH,1708998696911503872,1708998696911503873,0.0026954177898232956,0.36920345
buy,0.307277628032466,5.0,ok,380,1.74132622 ETH,1708998700837372416,1708998700837372417,0.0,0.36920345
sell,0.5229110512129864,0.001,ok,381,1.74032622 ETH,1708998704847127040,1708998704847127041,0.21563342318052042,0.3974278
sell,0.5202156334232768,0.001,ok,382,1.73932622 ETH,1708998708781384192,1708998708781384193,0.21293800539081081,0.39713675
sell,0.5202156334232768,0.001,ok,383,1.73832622 ETH,1708998712740807168,1708998712740807169,0.21293800539081081,0.39713675
sell,0.5202156334232768,0.001,ok,384,1.73732622 ETH,1708998716675064320,1708998716675064321,0.21293800539081081,0.39713675
sell,0.956873315363964,0.001,ok,385,1.73632622 ETH,1708998720634487296,1708998720634487297,0.6495956873314981,0.43046314
sell,0.962264150943497,0.001,ok,386,1.73532622 ETH,1708998724577133056,1708998724577133057,0.654986522911031,0.43074632
sell,0.962264150943497,0.001,ok,387,1.73432622 ETH,1708998728536556032,1708998728536556033,0.654986522911031,0.43074632
sell,0.962264150943497,0.001,ok,388,1.73332622 ETH,1708998732479201792,1708998732479201793,0.654986522911031,0.43074632
sell,0.962264150943497,0.001,ok,389,1.73232622 ETH,1708998736514122240,1708998736514122241,0.654986522911031,0.43074632
sell,0.962264150943497,0.001,ok,390,1.73132622 ETH,1708998740473545216,1708998740473545217,0.654986522911031,0.43074632
sell,0.9973045822102904,0.001,ok,391,1.73032622 ETH,1708998744399413760,1708998744407802368,0.6900269541778243,0.4325335
sell,0.9973045822102904,0.001,ok,392,1.72932622 ETH,1708998748333670912,1708998748333670913,0.6900269541778243,0.4325335
sell,0.9973045822102904,0.001,ok,393,1.72832622 ETH,1708998752309871104,1708998752309871105,0.6900269541778243,0.4325335
sell,1.0,0.001,ok,394,1.72732622 ETH,1708998756269294080,1708998756269294081,0.692722371967534,0.43266726
sell,1.0,0.001,ok,395,1.72632622 ETH,1708998760220328448,1708998760220328449,0.692722371967534,0.43266726
sell,0.983827493261515,0.001,ok,396,1.72532622 ETH,1708998764179751424,1708998764179751425,0.6765498652290489,0.43185687
sell,0.9865229110513384,0.001,ok,397,1.72432622 ETH,1708998768122397184,1708998768122397185,0.6792452830188724,0.4319933
sell,0.6981132075471805,0.001,ok,398,1.72332622 ETH,1708998772132151808,1708998772132151809,0.39083557951471454,0.41367662
sell,0.9865229110513384,0.001,ok,399,1.72232622 ETH,1708998776083186176,1708998776083186177,0.6792452830188724,0.4319933
sell,0.9865229110513384,0.001,ok,400,1.72132622 ETH,1708998780025831936,1708998780025831937,0.6792452830188724,0.4319933
buy,0.2318059299192327,5.0,ok,401,1.72272510 ETH,1708998783985254912,1708998783985254913,-0.07547169811323329,0.35671616
buy,0.2318059299192327,5.0,ok,402,1.72412398 ETH,1708998787936289280,1708998787936289281,0.0,0.35671616
buy,0.2318059299192327,5.0,ok,403,1.72552286 ETH,1708998791862157824,1708998791862157825,0.0,0.35671616
buy,0.2318059299192327,5.0,ok,404,1.72692174 ETH,1708998795813192192,1708998795813192193,0.0,0.35671616
buy,0.2371967654986519,5.0,ok,405,1.72832062 ETH,1708998799848112640,1708998799848112641,0.00539083557941919,0.3576543
buy,0.0,5.0,ok,406,1.72971950 ETH,1708998803807535616,1708998803807535617,-0.2371967654986519,0.31092376
buy,0.2371967654986519,5.0,ok,407,1.73111838 ETH,1708998807842456064,1708998807842456065,0.2371967654986519,0.3576543
buy,0.2371967654986519,5.0,ok,408,1.73251726 ETH,1708998811810267648,1708998811810267649,0.0,0.3576543
buy,0.0026954177898232,5.0,ok,409,1.73391614 ETH,1708998815820022272,1708998815820022273,-0.2345013477088287,0.31149793
buy,0.0026954177898232,5.0,ok,410,1.73531502 ETH,1708998819779445248,1708998819779445249,0.0,0.31149793
buy,0.0026954177898232,5.0,ok,411,1.73671390 ETH,1708998823730479616,1708998823730479617,0.0,0.31149793
buy,0.0026954177898232,5.0,ok,412,1.73811278 ETH,1708998827673125376,1708998827673125377,0.0,0.31149793
buy,0.0,5.0,ok,413,1.73951166 ETH,1708998831640936960,1708998831640936961,-0.0026954177898232,0.31092376
buy,0.0,5.0,ok,414,1.74091054 ETH,1708998835566805504,1708998835566805505,0.0,0.31092376
buy,0.0053908355795329,5.0,ok,415,1.74230942 ETH,1708998839568171520,1708998839576560128,0.0053908355795329,0.3120717
buy,0.0053908355795329,5.0,ok,416,1.74370830 ETH,1708998843502428672,1708998843502428673,0.0,0.3120717
buy,0.0053908355795329,5.0,ok,417,1.74510718 ETH,1708998847503794688,1708998847503794689,0.0,0.3120717
buy,0.0053908355795329,5.0,ok,418,1.74650606 ETH,1708998851479994880,1708998851479994881,0.0,0.3120717
buy,0.1590296495957091,5.0,ok,419,1.74790494 ETH,1708998855422640640,1708998855422640641,0.15363881401617618,0.34339187
buy,0.307277628032466,5.0,ok,420,1.74930382 ETH,1708998859365286400,1708998859365286401,0.1482479784367569,0.36920345
buy,0.1590296495957091,5.0,ok,421,1.75070270 ETH,1708998863299543552,1708998863299543553,-0.1482479784367569,0.34339187
buy,0.1590296495957091,5.0,ok,422,1.75210158 ETH,1708998867233800704,1708998867233800705,0.0,0.34339187
buy,0.3045822102426427,5.0,ok,423,1.75350046 ETH,1708998871235166720,1708998871235166721,0.14555256064693362,0.3687817
sell,0.3962264150944747,0.001,ok,424,1.75250046 ETH,1708998875278475776,1708998875278475777,0.091644204851832,0.38212785
buy,0.3045822102426427,5.0,ok,425,1.75389934 ETH,1708998879246287360,1708998879254675968,0.0,0.3687817
buy,0.3045822102426427,5.0,ok,426,1.75529822 ETH,1708998883180544512,1708998883180544513,0.0,0.3687817
buy,0.307277628032466,5.0,ok,427,1.75669710 ETH,1708998887148356096,1708998887148356097,0.0026954177898232956,0.36920345
buy,0.3045822102426427,5.0,ok,428,1.75809598 ETH,1708998891091001856,1708998891091001857,-0.0026954177898232956,0.3687817
buy,0.307277628032466,5.0,ok,429,1.75949486 ETH,1708998895092367872,1708998895092367873,0.0026954177898232956,0.36920345
buy,0.307277628032466,5.0,ok,430,1.76089374 ETH,1708998899026625024,1708998899026625025,0.0,0.36920345
sell,0.5229110512129864,0.001,ok,431,1.75989374 ETH,1708998902977659392,1708998902977659393,0.21563342318052042,0.3974278
sell,0.5202156334232768,0.001,ok,432,1.75889374 ETH,1708998907020968448,1708998907020968449,0.21293800539081081,0.39713675
sell,0.5202156334232768,0.001,ok,433,1.75789374 ETH,1708998910980391424,1708998910980391425,0.21293800539081081,0.39713675
sell,0.5202156334232768,0.001,ok,434,1.75689374 ETH,1708998914964980224,1708998914964980225,0.21293800539081081,0.39713675
sell,0.956873315363964,0.001,ok,435,1.75589374 ETH,1708998918907625984,1708998918907625985,0.6495956873314981,0.43046314
sell,0.962264150943497,0.001,ok,436,1.75489374 ETH,1708998922867048960,1708998922867048961,0.654986522911031,0.43074632
sell,0.962264150943497,0.001,ok,437,1.75389374 ETH,1708998926792917504,1708998926792917505,0.654986522911031,0.43074632
sell,0.962264150943497,0.001,ok,438,1.75289374 ETH,1708998930735563264,1708998930735563265,0.654986522911031,0.43074632
sell,0.962264150943497,0.001,ok,439,1.75189374 ETH,1708998934711763456,1708998934711763457,0.654986522911031,0.43074632
sell,0.962264150943497,0.001,ok,440,1.75089374 ETH,1708998938763461120,1708998938763461121,0.654986522911031,0.43074632
sell,0.9973045822102904,0.001,ok,441,1.74989374 ETH,1708998942706106880,1708998942706106881,0.6900269541778243,0.4325335
sell,0.9973045822102904,0.001,ok,442,1.74889374 ETH,1708998946657141248,1708998946657141249,0.6900269541778243,0.4325335
sell,0.9973045822102904,0.001,ok,443,1.74789374 ETH,1708998950616564224,1708998950616564225,0.6900269541778243,0.4325335
sell,1.0,0.001,ok,444,1.74689374 ETH,1708998954559209984,1708998954559209985,0.692722371967534,0.43266726
sell,1.0,0.001,ok,445,1.74589374 ETH,1708998958510244352,1708998958510244353,0.692722371967534,0.43266726
sell,0.983827493261515,0.001,ok,446,1.74489374 ETH,1708998962486444544,1708998962486444545,0.6765498652290489,0.43185687
sell,0.9865229110513384,0.001,ok,447,1.74389374 ETH,1708998966420701696,1708998966420701697,0.6792452830188724,0.4319933
sell,0.6981132075471805,0.001,ok,448,1.74289374 ETH,1708998970388513280,1708998970388513281,0.39083557951471454,0.41367662
sell,0.9865229110513384,0.001,ok,449,1.74189374 ETH,1708998974557651456,1708998974557651457,0.6792452830188724,0.4319933
sell,0.9865229110513384,0.001,ok,450,1.74089374 ETH,1708998978600960512,1708998978600960513,0.6792452830188724,0.4319933
buy,0.2318059299192327,5.0,ok,451,1.74229262 ETH,1708998982593937920,1708998982593937921,-0.07547169811323329,0.35671616
buy,0.2318059299192327,5.0,ok,452,1.74369150 ETH,1708998986553360896,1708998986553360897,0.0,0.35671616
buy,0.2318059299192327,5.0,ok,453,1.74509038 ETH,1708998990487618048,1708998990487618049,0.0,0.35671616
buy,0.2318059299192327,5.0,ok,454,1.74648926 ETH,1708998994455429632,1708998994455429633,0.0,0.35671616
buy,0.2371967654986519,5.0,ok,455,1.74788814 ETH,1708998998414852608,1708998998414852609,0.00539083557941919,0.3576543
buy,0.0,5.0,ok,456,1.74928702 ETH,1708999002382664192,1708999002382664193,-0.2371967654986519,0.31092376
buy,0.2371967654986519,5.0,ok,457,1.75068590 ETH,1708999006350475776,1708999006350475777,0.2371967654986519,0.3576543
buy,0.2371967654986519,5.0,ok,458,1.75208478 ETH,1708999010309898752,1708999010309898753,0.0,0.3576543
buy,0.0026954177898232,5.0,ok,459,1.75348366 ETH,1708999014252544512,1708999014252544513,-0.2345013477088287,0.31149793
buy,0.0026954177898232,5.0,ok,460,1.75488254 ETH,1708999018186801664,1708999018186801665,0.0,0.31149793
buy,0.0026954177898232,5.0,ok,461,1.75628142 ETH,1708999022137836032,1708999022137836033,0.0,0.31149793
buy,0.0026954177898232,5.0,ok,462,1.75768030 ETH,1708999026055315968,1708999026063704576,0.0,0.31149793
buy,0.0,5.0,ok,463,1.75907918 ETH,1708999029997961728,1708999029997961729,-0.0026954177898232,0.31092376
buy,0.0,5.0,ok,464,1.76047806 ETH,1708999033965773312,1708999033965773313,0.0,0.31092376
buy,0.0053908355795329,5.0,ok,465,1.76187694 ETH,1708999037900030464,1708999037900030465,0.0053908355795329,0.3120717
buy,0.0053908355795329,5.0,ok,466,1.76327582 ETH,1708999041909785088,1708999041909785089,0.0,0.3120717
buy,0.0053908355795329,5.0,ok,467,1.76467470 ETH,1708999045927928320,1708999045927928321,0.0,0.3120717
buy,0.0053908355795329,5.0,ok,468,1.76607358 ETH,1708999049853796864,1708999049853796865,0.0,0.3120717
buy,0.1590296495957091,5.0,ok,469,1.76747246 ETH,1708999053821608448,1708999053821608449,0.15363881401617618,0.34339187
buy,0.307277628032466,5.0,ok,470,1.76887134 ETH,1708999057839751680,1708999057839751681,0.1482479784367569,0.36920345
buy,0.1590296495957091,5.0,ok,471,1.77027022 ETH,1708999061857894912,1708999061857894913,-0.1482479784367569,0.34339187
buy,0.1590296495957091,5.0,ok,472,1.77166910 ETH,1708999065817317888,1708999065825706496,0.0,0.34339187
buy,0.3045822102426427,5.0,ok,473,1.77306798 ETH,1708999069776740864,1708999069776740865,0.14555256064693362,0.3687817
sell,0.3962264150944747,0.001,ok,474,1.77206798 ETH,1708999073761329664,1708999073761329665,0.091644204851832,0.38212785
buy,0.3045822102426427,5.0,ok,475,1.77346686 ETH,1708999077729141248,1708999077729141249,0.0,0.3687817
buy,0.3045822102426427,5.0,ok,476,1.77486574 ETH,1708999081696952832,1708999081696952833,0.0,0.3687817
buy,0.307277628032466,5.0,ok,477,1.77626462 ETH,1708999085656375808,1708999085656375809,0.0026954177898232956,0.36920345
buy,0.3045822102426427,5.0,ok,478,1.77766350 ETH,1708999089590632960,1708999089590632961,-0.0026954177898232956,0.3687817
buy,0.307277628032466,5.0,ok,479,1.77906238 ETH,1708999093575221760,1708999093575221761,0.0026954177898232956,0.36920345
buy,0.307277628032466,5.0,ok,480,1.78046126 ETH,1708999097509478912,1708999097509478913,0.0,0.36920345
sell,0.5229110512129864,0.001,ok,481,1.77946126 ETH,1708999101502456320,1708999101502456321,0.21563342318052042,0.3974278
sell,0.5202156334232768,0.001,ok,482,1.77846126 ETH,1708999105419936256,1708999105419936257,0.21293800539081081,0.39713675
sell,0.5202156334232768,0.001,ok,483,1.77746126 ETH,1708999109396136448,1708999109396136449,0.21293800539081081,0.39713675
sell,0.5202156334232768,0.001,ok,484,1.77646126 ETH,1708999113389113856,1708999113389113857,0.21293800539081081,0.39713675
sell,0.956873315363964,0.001,ok,485,1.77546126 ETH,1708999117340148224,1708999117340148225,0.6495956873314981,0.43046314
sell,0.962264150943497,0.001,ok,486,1.77446126 ETH,1708999121341514240,1708999121341514241,0.654986522911031,0.43074632
sell,0.962264150943497,0.001,ok,487,1.77346126 ETH,1708999125317714432,1708999125317714433,0.654986522911031,0.43074632
sell,0.962264150943497,0.001,ok,488,1.77246126 ETH,1708999129251971584,1708999129251971585,0.654986522911031,0.43074632
sell,0.962264150943497,0.001,ok,489,1.77146126 ETH,1708999133228171776,1708999133228171777,0.654986522911031,0.43074632
sell,0.962264150943497,0.001,ok,490,1.77046126 ETH,1708999137154040320,1708999137154040321,0.654986522911031,0.43074632
sell,0.9973045822102904,0.001,ok,491,1.76946126 ETH,1708999141172183552,1708999141172183553,0.6900269541778243,0.4325335
sell,0.9973045822102904,0.001,ok,492,1.76846126 ETH,1708999145106440704,1708999145106440705,0.6900269541778243,0.4325335
sell,0.9973045822102904,0.001,ok,493,1.76746126 ETH,1708999149040697856,1708999149040697857,0.6900269541778243,0.4325335
sell,1.0,0.001,ok,494,1.76646126 ETH,1708999153109172736,1708999153109172737,0.692722371967534,0.43266726
sell,1.0,0.001,ok,495,1.76546126 ETH,1708999157320253952,1708999157320253953,0.692722371967534,0.43266726
sell,0.983827493261515,0.001,ok,496,1.76446126 ETH,1708999161254511104,1708999161254511105,0.6765498652290489,0.43185687
sell,0.9865229110513384,0.001,ok,497,1.76346126 ETH,1708999165205545472,1708999165205545473,0.6792452830188724,0.4319933
sell,0.6981132075471805,0.001,ok,498,1.76246126 ETH,1708999169131414016,1708999169131414017,0.39083557951471454,0.41367662
sell,0.9865229110513384,0.001,ok,499,1.76146126 ETH,1708999173099225600,1708999173099225601,0.6792452830188724,0.4319933
sell,0.9865229110513384,0.001,ok,500,1.76046126 ETH,1708999177075425792,1708999177075425793,0.6792452830188724,0.4319933
